{"AVG_results": [0.004879593849182129, 0.006803584098815918, 0.48024375876446135, 0.65, 0.551862677756538, 0.7385557119978972], "fit_time": [0.005675077438354492, 0.005837678909301758, 0.004220485687255859, 0.0050623416900634766, 0.004244565963745117, 0.004185914993286133, 0.00424957275390625, 0.0042400360107421875, 0.00449371337890625, 0.006586551666259766], "score_time": [0.0065937042236328125, 0.006252288818359375, 0.006307840347290039, 0.0071849822998046875, 0.006215333938598633, 0.006540775299072266, 0.005970001220703125, 0.006127595901489258, 0.010432720184326172, 0.0064105987548828125], "test_precision": [0.49586776859504134, 0.43609022556390975, 0.48333333333333334, 0.5132743362831859, 0.48148148148148145, 0.46511627906976744, 0.4274193548387097, 0.5037037037037037, 0.4918032786885246, 0.5043478260869565], "test_recall": [0.6521739130434783, 0.6304347826086957, 0.6304347826086957, 0.6304347826086957, 0.7065217391304348, 0.6521739130434783, 0.5760869565217391, 0.7391304347826086, 0.6521739130434783, 0.6304347826086957], "test_f1": [0.563380281690141, 0.5155555555555555, 0.5471698113207547, 0.5658536585365854, 0.5726872246696035, 0.5429864253393666, 0.49074074074074076, 0.5991189427312774, 0.5607476635514019, 0.5603864734299517], "test_roc_auc": [0.7555519115442278, 0.6979713268365816, 0.7599559595202398, 0.756940523244871, 0.7555524185958968, 0.74414172783738, 0.6659843779408997, 0.7756916996047432, 0.7279079616036138, 0.7458592132505176]}