{"AVG_results": [0.0017904043197631836, 0.003068685531616211, -12485.658420510348, -336031645.11457723, -2.4695691161731728, -0.10326844055490902], "fit_time": [0.002042055130004883, 0.0021109580993652344, 0.0016436576843261719, 0.0017070770263671875, 0.0016140937805175781, 0.0019559860229492188, 0.0016491413116455078, 0.0017104148864746094, 0.0016183853149414062, 0.001852273941040039], "score_time": [0.0036618709564208984, 0.002960205078125, 0.0031533241271972656, 0.0029420852661132812, 0.002966165542602539, 0.003013134002685547, 0.0029654502868652344, 0.002955913543701172, 0.0031044483184814453, 0.0029642581939697266], "test_neg_mean_absolute_error": [-11554.983388913171, -9882.547858680615, -20636.828039559765, -13998.432334472622, -11882.611695182903, -10809.779100011048, -11057.538056531734, -12024.283436215665, -10427.29561116441, -12582.284684371554], "test_neg_mean_squared_error": [-249872784.22559282, -130379109.78051215, -1083205856.3723364, -444871032.21462184, -253139300.16660124, -184984968.71534437, -171467992.22264618, -319122991.3709544, -163864143.68729836, -359408272.38986474], "test_neg_mean_squared_log_error": [-2.4655661202281127, -3.384136673085802, -2.9800899265025764, -1.2656348736060907, -2.604101890521446, -1.8359859260700955, -3.3477262966926435, -1.8087401219167534, -2.2309674203546748, -2.7727419127535335], "test_r2": [-0.009176467232777874, -0.2656943587051377, -0.15983846139844315, -0.11729470873453107, -0.012822603603344529, -0.02466068443079572, -0.28458956967800497, -0.0035104375229035867, -0.1494095060448133, -0.005687608198338356]}